/*
Navicat MySQL Data Transfer

Source Server         : Local
Source Server Version : 50554
Source Host           : localhost:3306
Source Database       : db_muc_teacher_marking_2017_03

Target Server Type    : MYSQL
Target Server Version : 50554
File Encoding         : 65001

Date: 2017-03-11 10:40:45
*/

SET FOREIGN_KEY_CHECKS=0;

-- ----------------------------
-- Table structure for t_academy
-- ----------------------------
DROP TABLE IF EXISTS `t_academy`;
CREATE TABLE `t_academy` (
`academy_id`  int(255) NOT NULL AUTO_INCREMENT ,
`academy_name`  varchar(510) CHARACTER SET utf8 COLLATE utf8_general_ci NOT NULL ,
PRIMARY KEY (`academy_id`)
)
ENGINE=InnoDB
DEFAULT CHARACTER SET=utf8 COLLATE=utf8_general_ci
AUTO_INCREMENT=25

;

-- ----------------------------
-- Records of t_academy
-- ----------------------------
BEGIN;
INSERT INTO `t_academy` VALUES ('1', '民族学与社会学学院'), ('2', '少数民族语言文学系'), ('3', '蒙古语言文学系'), ('4', '朝鲜语言文学系'), ('5', '维吾尔语言文学系'), ('6', '哈萨克语言文学系'), ('7', '藏学研究院'), ('8', '经济学院'), ('9', '管理学院'), ('10', '法学院'), ('11', '文学与新闻传播学院'), ('12', '哲学与宗教学学院'), ('13', '历史文化学院'), ('14', '教育学院'), ('15', '外国语学院'), ('16', '生命与环境科学学院'), ('17', '信息工程学院'), ('18', '理学院'), ('19', '美术学院'), ('20', '舞蹈学院'), ('21', '音乐学院'), ('22', '体育学院'), ('23', '预科教育学院'), ('24', '中国民族理论与民族政策研究院');
COMMIT;

-- ----------------------------
-- Table structure for t_admin
-- ----------------------------
DROP TABLE IF EXISTS `t_admin`;
CREATE TABLE `t_admin` (
`admin_id`  int(11) NOT NULL AUTO_INCREMENT ,
`admin_account`  varchar(255) CHARACTER SET utf8 COLLATE utf8_general_ci NULL DEFAULT NULL ,
`user_password`  varchar(255) CHARACTER SET utf8 COLLATE utf8_general_ci NULL DEFAULT NULL ,
`admin_name`  varchar(255) CHARACTER SET utf8 COLLATE utf8_general_ci NULL DEFAULT NULL ,
`academy_id`  int(255) NOT NULL ,
`status`  int(11) NULL DEFAULT NULL ,
PRIMARY KEY (`admin_id`),
FOREIGN KEY (`academy_id`) REFERENCES `t_academy` (`academy_id`) ON DELETE RESTRICT ON UPDATE RESTRICT,
INDEX `foreign_key_1` (`academy_id`) USING BTREE 
)
ENGINE=InnoDB
DEFAULT CHARACTER SET=utf8 COLLATE=utf8_general_ci
AUTO_INCREMENT=1003

;

-- ----------------------------
-- Records of t_admin
-- ----------------------------
BEGIN;
INSERT INTO `t_admin` VALUES ('1', '9900218', null, '***', '1', '1'), ('2', '9900417', null, '***', '2', '1');
COMMIT;

-- ----------------------------
-- Table structure for t_class
-- ----------------------------
DROP TABLE IF EXISTS `t_class`;
CREATE TABLE `t_class` (
`class_id`  int(11) NOT NULL AUTO_INCREMENT ,
`class_name`  varchar(510) CHARACTER SET utf8 COLLATE utf8_general_ci NULL DEFAULT NULL ,
`academy_id`  int(11) NULL DEFAULT NULL ,
`teacher_id`  int(11) NULL DEFAULT NULL ,
PRIMARY KEY (`class_id`),
FOREIGN KEY (`academy_id`) REFERENCES `t_academy` (`academy_id`) ON DELETE RESTRICT ON UPDATE RESTRICT,
FOREIGN KEY (`teacher_id`) REFERENCES `t_teacher` (`teacher_id`) ON DELETE RESTRICT ON UPDATE RESTRICT,
INDEX `foreign_key_3` (`academy_id`) USING BTREE ,
INDEX `foreign_key_4` (`teacher_id`) USING BTREE 
)
ENGINE=InnoDB
DEFAULT CHARACTER SET=utf8 COLLATE=utf8_general_ci
AUTO_INCREMENT=461

;

-- ----------------------------
-- Records of t_class
-- ----------------------------
BEGIN;
INSERT INTO `t_class` VALUES ('1', '16民族学', '1', '1'), ('2', '16社会学', '1', '1'), ('3', '16社会工作', '1', '1'), ('4', '16文博', '1', '1'), ('5', '16孝通班', '1', '1'), ('6', '15民族学', '1', '1'), ('7', '15社会学', '1', '1'), ('8', '15社会工作', '1', '1'), ('9', '15文博', '1', '1'), ('10', '2012级博物馆学', '1', '1'), ('11', '14民族学', '1', '2'), ('12', '14社会工作', '1', '2'), ('13', '14社会学', '1', '3'), ('14', '14文博', '1', '3'), ('15', '13民族学', '1', '4'), ('16', '13社会工作', '1', '4'), ('17', '13社会学', '1', '5'), ('18', '13文博', '1', '5'), ('19', '16语言文学-2', '2', '6'), ('20', '16语言文学-1', '2', '6'), ('21', '15语言文学', '2', '7'), ('22', '15古典文献', '2', '8'), ('23', '14语言文学', '2', '9'), ('24', '13语言文学', '2', '10'), ('25', '16蒙文', '3', '11'), ('26', '16蒙汉双语', '3', '11'), ('27', '15蒙文', '3', '11'), ('28', '15蒙汉双语', '3', '11'), ('29', '14蒙文', '3', '11'), ('30', '14蒙汉双语', '3', '11'), ('31', '13蒙文', '3', '12'), ('32', '13蒙汉双语', '3', '13'), ('33', '16朝文', '4', '14'), ('34', '16中韩翻译', '4', '15'), ('35', '15朝文', '4', '16'), ('36', '15朝文翻译', '4', '17'), ('37', '14朝文', '4', '18'), ('38', '14朝文翻译', '4', '18'), ('39', '13朝文', '4', '19'), ('40', '13中韩翻译', '4', '19'), ('41', '2012级朝文', '4', '20'), ('42', '16维语', '5', '21'), ('43', '16汉维翻译', '5', '21'), ('44', '15维语', '5', '21'), ('45', '15维汉翻译', '5', '21'), ('46', '14维语', '5', '22'), ('47', '13维语', '5', '22'), ('48', '13维语零起点', '5', '22'), ('49', '2012级维文', '5', '22'), ('50', '11维语零起点', '5', '22'), ('51', '16哈语', '6', '23'), ('52', '16哈语零起点', '6', '23'), ('53', '15哈语', '6', '23'), ('54', '14哈语', '6', '23'), ('55', '14哈语零起点', '6', '23'), ('56', '13哈语', '6', '23'), ('57', '2012级哈文', '6', '23'), ('58', '2012级哈文零起点', '6', '23'), ('59', '16藏语', '7', '24'), ('60', '16汉藏翻译', '7', '24'), ('61', '15藏语', '7', '24'), ('62', '15藏语零起点', '7', '24'), ('63', '13藏语', '7', '24'), ('64', '13藏语零起点', '7', '24'), ('65', '14藏语', '7', '25'), ('66', '14汉藏翻译', '7', '25'), ('67', '16财政学', '8', '26'), ('68', '16金融-1', '8', '26'), ('69', '16金融-2', '8', '26'), ('70', '16经济学', '8', '26'), ('71', '16国贸-1', '8', '27'), ('72', '16国贸-2', '8', '27'), ('73', '15财政学', '8', '27'), ('74', '15国贸-1', '8', '27'), ('75', '15国贸-2', '8', '27'), ('76', '15金融-1', '8', '28'), ('77', '15金融-2', '8', '28'), ('78', '15经济学', '8', '28'), ('79', '14财政学', '8', '28'), ('80', '14经济学', '8', '28'), ('81', '14国贸-1', '8', '29'), ('82', '14国贸-2', '8', '29'), ('83', '14金融-1', '8', '30'), ('84', '14金融-2', '8', '30'), ('85', '13财政学', '8', '31'), ('86', '13国贸-1', '8', '32'), ('87', '13国贸-2', '8', '32'), ('88', '13金融-1', '8', '33'), ('89', '13金融-2', '8', '33'), ('90', '13经济学', '8', '34'), ('91', '16工商管理类-1', '9', '35'), ('92', '16工商管理类-2', '9', '35'), ('93', '16工商管理类-3', '9', '35'), ('94', '15公共管理类-1', '9', '35'), ('95', '15公共管理类-2', '9', '35'), ('96', '16公共管理类-1', '9', '36'), ('97', '16公共管理类-2', '9', '36'), ('98', '15政治学', '9', '37'), ('99', '13政治学', '9', '37'), ('100', '14财务管理', '9', '38');
INSERT INTO `t_class` VALUES ('101', '14工商管理', '9', '38'), ('102', '14会计学', '9', '38'), ('103', '14人力资源', '9', '38'), ('104', '14行政管理', '9', '38'), ('105', '14公共事业', '9', '38'), ('106', '13财务管理', '9', '39'), ('107', '13旅游管理', '9', '39'), ('108', '13会计学', '9', '40'), ('109', '13市场营销', '9', '40'), ('110', '13行政管理', '9', '41'), ('111', '13公共事业', '9', '41'), ('112', '16法学-1', '10', '42'), ('113', '16法学-2', '10', '43'), ('114', '14法学-1', '10', '44'), ('115', '14法学-2', '10', '44'), ('116', '14法学-3', '10', '44'), ('117', '14法英-1', '10', '44'), ('118', '14法英-2', '10', '44'), ('119', '14法英-3', '10', '44'), ('120', '14法学藏语', '10', '44'), ('121', '13法学-1', '10', '44'), ('122', '13法学-2', '10', '44'), ('123', '13法学-3', '10', '44'), ('124', '13法英-1', '10', '45'), ('125', '13法英-2', '10', '45'), ('126', '13法英-3', '10', '45'), ('127', '2012级法学-3', '10', '46'), ('128', '16法英-3', '10', '47'), ('129', '16法学藏语基地', '10', '48'), ('130', '15法学藏语', '10', '49'), ('131', '16法英-1', '10', '50'), ('132', '16法英-2', '10', '159'), ('133', '15法学-2', '10', '52'), ('134', '15法英-1', '10', '53'), ('135', '15法英-2', '10', '54'), ('136', '15法英-3', '10', '55'), ('137', '16新闻-1', '11', '56'), ('138', '16新闻-2', '11', '56'), ('139', '13广告学', '11', '56'), ('140', '13新闻-1', '11', '56'), ('141', '13新闻-2', '11', '56'), ('142', '16新闻藏语基地', '11', '57'), ('143', '15新闻-2', '11', '57'), ('144', '15新闻藏语', '11', '57'), ('145', '13文学-1', '11', '57'), ('146', '13文学-2', '11', '57'), ('147', '13汉语国际', '11', '57'), ('148', '15汉语国际', '11', '58'), ('149', '14新闻学-1', '11', '58'), ('150', '14新闻学-2', '11', '58'), ('151', '15新闻-1', '11', '59'), ('152', '15广告学', '11', '60'), ('153', '14文学-2', '11', '61'), ('154', '14新闻藏语班', '11', '61'), ('155', '15文学-1', '11', '62'), ('156', '15文学-2', '11', '62'), ('157', '14汉语国际', '11', '63'), ('158', '14文学-1', '11', '64'), ('159', '14广告学', '11', '65'), ('160', '16文学-1', '11', '66'), ('161', '16文学-2', '11', '66'), ('162', '16广告学', '11', '66'), ('163', '16汉语国际教育', '11', '66'), ('164', '16哲学类-2', '12', '67'), ('165', '16哲学类-1', '12', '67'), ('166', '15哲学', '12', '68'), ('167', '15宗教学', '12', '69'), ('168', '14哲学', '12', '70'), ('169', '14宗教学', '12', '70'), ('170', '13哲学', '12', '71'), ('171', '13宗教学', '12', '71'), ('172', '2012级宗教学', '12', '72'), ('173', '16历史基地', '13', '73'), ('174', '16历史实验班', '13', '73'), ('175', '15历史基地班', '13', '74'), ('176', '15历史实验班', '13', '74'), ('177', '14历史基地', '13', '75'), ('178', '13历史基地', '13', '76'), ('179', '16教育学', '14', '77'), ('180', '15教育学', '14', '77'), ('181', '2012级教育学', '14', '77'), ('182', '14教育学', '14', '78'), ('183', '13教育学', '14', '78'), ('184', '16俄哈', '15', '79'), ('185', '15英语-1', '15', '79'), ('186', '15英语-2', '15', '79'), ('187', '15日语', '15', '79'), ('188', '15翻译-2', '15', '79'), ('189', '15翻译-1', '15', '79'), ('190', '14俄语', '15', '79'), ('191', '14朝鲜语', '15', '79'), ('192', '14翻译-1', '15', '79'), ('193', '14翻译-2', '15', '79'), ('194', '13朝鲜语', '15', '79'), ('195', '16英语-1', '15', '80'), ('196', '16英语-2', '15', '80'), ('197', '16日语', '15', '80'), ('198', '16翻译-1', '15', '80'), ('199', '16翻译-2', '15', '80'), ('200', '13日语', '15', '80');
INSERT INTO `t_class` VALUES ('201', '2012级英语-1', '15', '80'), ('202', '2012级英语-2', '15', '80'), ('203', '15俄语', '15', '81'), ('204', '13俄语', '15', '81'), ('205', '15朝鲜语', '15', '82'), ('206', '14英语-1', '15', '83'), ('207', '14英语-2', '15', '83'), ('208', '14日语', '15', '84'), ('209', '13英语-1', '15', '85'), ('210', '13英语-2', '15', '85'), ('211', '13英语翻译-1', '15', '86'), ('212', '13英语翻译-2', '15', '86'), ('213', '16环境类-1', '16', '87'), ('214', '16环境类-2', '16', '87'), ('215', '16生物类-1', '16', '88'), ('216', '16生物类-2', '16', '88'), ('217', '16生物类-3', '16', '88'), ('218', '16制药', '16', '89'), ('219', '16化学', '16', '90'), ('220', '15环境科学', '16', '91'), ('221', '15制药工程', '16', '91'), ('222', '15化学', '16', '91'), ('223', '15环境工程', '16', '91'), ('224', '14环境科学', '16', '92'), ('225', '14生态学', '16', '92'), ('226', '14生物技术', '16', '92'), ('227', '14生物科学', '16', '92'), ('228', '14制药', '16', '92'), ('229', '14化学', '16', '92'), ('230', '14环境工程', '16', '92'), ('231', '13环境', '16', '93'), ('232', '13生态学', '16', '93'), ('233', '13生技', '16', '94'), ('234', '13生科', '16', '94'), ('235', '13制药', '16', '95'), ('236', '13化学', '16', '96'), ('237', '16电子', '17', '97'), ('238', '16通信', '17', '97'), ('239', '16物联网', '17', '97'), ('240', '15物联网', '17', '97'), ('241', '14计算机-1', '17', '97'), ('242', '14计算机-2', '17', '97'), ('243', '14通信', '17', '97'), ('244', '13计算机-1', '17', '97'), ('245', '13计算机-2', '17', '97'), ('246', '2012级计算机西藏班', '17', '97'), ('247', '16计算机', '17', '98'), ('248', '16自动化', '17', '98'), ('249', '16软件工程', '17', '98'), ('250', '16工学实验（藏）班', '17', '98'), ('251', '15电子工程', '17', '98'), ('252', '15通信工程', '17', '98'), ('253', '14自动化', '17', '98'), ('254', '14工学类藏班', '17', '98'), ('255', '13自动化', '17', '98'), ('256', '13计算机西藏班', '17', '98'), ('257', '15计算机', '17', '99'), ('258', '15自动化', '17', '99'), ('259', '15软件工程', '17', '99'), ('260', '15工学类实验班', '17', '99'), ('261', '14电子-1', '17', '100'), ('262', '14电子-2', '17', '100'), ('263', '14软件工程', '17', '100'), ('264', '13电子-1', '17', '100'), ('265', '13电子-2', '17', '100'), ('266', '13通信', '17', '100'), ('267', '16应物', '18', '101'), ('268', '16光电信息', '18', '101'), ('269', '16纳米', '18', '101'), ('270', '16统计学', '18', '102'), ('271', '16应用统计', '18', '102'), ('272', '15统计学', '18', '102'), ('273', '15应用统计', '18', '102'), ('274', '13统计学', '18', '102'), ('275', '13应用统计', '18', '102'), ('276', '16信息-1', '18', '103'), ('277', '16信息-2', '18', '103'), ('278', '16信息实验（藏）班', '18', '104'), ('279', '15应用物理', '18', '105'), ('280', '15光电信息', '18', '105'), ('281', '15纳米材料', '18', '105'), ('282', '15信息-1', '18', '106'), ('283', '15信息-2', '18', '106'), ('284', '15信息藏班', '18', '106'), ('285', '14统计', '18', '106'), ('286', '14应用统计', '18', '106'), ('287', '13信息-1', '18', '106'), ('288', '13信息-2', '18', '106'), ('289', '14应物', '18', '107'), ('290', '14光电信息', '18', '107'), ('291', '14纳米', '18', '107'), ('292', '14信息-1', '18', '108'), ('293', '14信息-2', '18', '108'), ('294', '14信息-藏班', '18', '109'), ('295', '13应用物理', '18', '110'), ('296', '13光电信息', '18', '110'), ('297', '13信息-藏班', '18', '111'), ('298', '14中国画', '19', '112'), ('299', '16环境设计', '19', '113'), ('300', '13视觉设计', '19', '114');
INSERT INTO `t_class` VALUES ('301', '15油画', '19', '115'), ('302', '14环境设计', '19', '116'), ('303', '13美术教育', '19', '117'), ('304', '14影像', '19', '118'), ('305', '13服装设计', '19', '119'), ('306', '14服装设计', '19', '120'), ('307', '13中国画', '19', '121'), ('308', '16视觉传达', '19', '122'), ('309', '13影像设计', '19', '123'), ('310', '14美术教育', '19', '124'), ('311', '13环境设计', '19', '125'), ('312', '13绘画（油画）', '19', '126'), ('313', '15环境设计', '19', '127'), ('314', '16油画', '19', '128'), ('315', '14油画', '19', '129'), ('316', '14视觉传达', '19', '130'), ('317', '15美术教育', '19', '131'), ('318', '15视觉传达', '19', '131'), ('319', '15影像设计', '19', '131'), ('320', '15中国画', '19', '131'), ('321', '15服装设计', '19', '131'), ('322', '16中国画', '19', '132'), ('323', '16服装', '19', '133'), ('324', '16舞蹈教育-男', '20', '134'), ('325', '16舞蹈教育-女1', '20', '134'), ('326', '16舞蹈教育-女2', '20', '134'), ('327', '14舞教女-1', '20', '134'), ('328', '14舞教女-2', '20', '134'), ('329', '13舞教女-1', '20', '134'), ('330', '13舞教女-2', '20', '134'), ('331', '16舞蹈表演-男', '20', '135'), ('332', '16舞蹈表演-女', '20', '135'), ('333', '16舞蹈表演-英才', '20', '135'), ('334', '15舞蹈教育男', '20', '135'), ('335', '15舞蹈编导', '20', '135'), ('336', '15舞蹈表演男', '20', '135'), ('337', '14舞教男', '20', '136'), ('338', '14舞表男', '20', '137'), ('339', '14舞表女', '20', '138'), ('340', '13舞教男', '20', '139'), ('341', '13舞表男', '20', '140'), ('342', '13舞表女-1', '20', '141'), ('343', '13舞表女-2', '20', '141'), ('344', '13音教声乐', '21', '142'), ('345', '13音乐学', '21', '142'), ('346', '13作曲', '21', '142'), ('347', '13打击乐', '21', '142'), ('348', '13管乐', '21', '142'), ('349', '13民乐拉弦', '21', '142'), ('350', '13音表钢琴', '21', '142'), ('351', '13声乐', '21', '142'), ('352', '13音教钢琴', '21', '142'), ('353', '13民乐弹拨', '21', '142'), ('354', '13弦乐', '21', '142'), ('355', '13民族器乐', '21', '142'), ('356', '13音教声乐', '21', '143'), ('357', '13音乐学', '21', '143'), ('358', '13作曲', '21', '143'), ('359', '13打击乐', '21', '143'), ('360', '13管乐', '21', '143'), ('361', '13民乐拉弦', '21', '143'), ('362', '13音表钢琴', '21', '143'), ('363', '13声乐', '21', '143'), ('364', '13音教钢琴', '21', '143'), ('365', '13民乐弹拨', '21', '143'), ('366', '13弦乐', '21', '143'), ('367', '13民族器乐', '21', '143'), ('368', '14声乐', '21', '144'), ('369', '14音教声乐', '21', '144'), ('370', '14音乐学', '21', '144'), ('371', '14作曲', '21', '144'), ('372', '14民乐拉弦', '21', '144'), ('373', '14民乐弹拨', '21', '144'), ('374', '14民族器乐', '21', '144'), ('375', '14音教器乐', '21', '144'), ('376', '14管乐', '21', '144'), ('377', '14弦乐', '21', '144'), ('378', '14钢琴', '21', '144'), ('379', '14打击乐', '21', '144'), ('380', '14声乐', '21', '145'), ('381', '14音教声乐', '21', '145'), ('382', '14音乐学', '21', '145'), ('383', '14作曲', '21', '145'), ('384', '14民乐拉弦', '21', '145'), ('385', '14民乐弹拨', '21', '145'), ('386', '14民族器乐', '21', '145'), ('387', '14音教器乐', '21', '145'), ('388', '14管乐', '21', '145'), ('389', '14弦乐', '21', '145'), ('390', '14钢琴', '21', '145'), ('391', '14打击乐', '21', '145'), ('392', '16音表声乐', '21', '146'), ('393', '16音乐学', '21', '146'), ('394', '16作曲', '21', '146'), ('395', '16音表-打击乐', '21', '146'), ('396', '16民乐拉弦', '21', '146'), ('397', '16音教声乐', '21', '146'), ('398', '16音表声乐-英才', '21', '146'), ('399', '16音表-管乐', '21', '146'), ('400', '16音表-弦乐', '21', '146');
INSERT INTO `t_class` VALUES ('401', '16音表-钢琴', '21', '146'), ('402', '16民族乐器', '21', '146'), ('403', '16音表声乐', '21', '147'), ('404', '16音乐学', '21', '147'), ('405', '16作曲', '21', '147'), ('406', '16音表-打击乐', '21', '147'), ('407', '16民乐拉弦', '21', '147'), ('408', '16音教声乐', '21', '147'), ('409', '16音表声乐-英才', '21', '147'), ('410', '16音表-管乐', '21', '147'), ('411', '16音表-弦乐', '21', '147'), ('412', '16音表-钢琴', '21', '147'), ('413', '16民族乐器', '21', '147'), ('414', '15音教声乐', '21', '148'), ('415', '15音乐学', '21', '148'), ('416', '15音表声乐', '21', '148'), ('417', '15作曲', '21', '148'), ('418', '15音表管乐', '21', '148'), ('419', '15音表弦乐', '21', '148'), ('420', '15音表钢琴', '21', '148'), ('421', '15民族乐器', '21', '148'), ('422', '15音表打击乐', '21', '148'), ('423', '15民乐拉弦', '21', '148'), ('424', '15音教声乐', '21', '149'), ('425', '15音乐学', '21', '149'), ('426', '15音表声乐', '21', '149'), ('427', '15作曲', '21', '149'), ('428', '15音表管乐', '21', '149'), ('429', '15音表弦乐', '21', '149'), ('430', '15音表钢琴', '21', '149'), ('431', '15民族乐器', '21', '149'), ('432', '15音表打击乐', '21', '149'), ('433', '15民乐拉弦', '21', '149'), ('434', '16体育教育', '22', '150'), ('435', '15体育教育', '22', '150'), ('436', '14体育', '22', '150'), ('437', '13体育', '22', '150'), ('438', '16预科2班', '23', '151'), ('439', '16预科1班', '23', '151'), ('440', '16预科3班', '23', '152'), ('441', '16预科6班', '23', '152'), ('442', '16预科4班', '23', '153'), ('443', '16预科5班', '23', '153'), ('444', '15预科-1', '23', '154'), ('445', '15预科-2', '23', '154'), ('446', '15民理', '24', '155'), ('447', '14民理', '24', '155'), ('448', '13民理', '24', '155'), ('449', '15舞蹈教育女', '20', '135'), ('450', '15舞蹈表演女', '20', '135'), ('451', '16影像设计', '19', '127'), ('452', '16美术教育', '19', '156'), ('453', '15生物科学、生物技术、生态', '16', '91'), ('454', '15财务管理', '9', '39'), ('455', '15会计学', '9', '37'), ('456', '15市场营销', '9', '157'), ('457', '15旅游管理', '9', '158'), ('458', '16法学-3', '10', '51'), ('459', '15法学-1', '10', '49'), ('460', '15法学-3', '10', '49');
COMMIT;

-- ----------------------------
-- Table structure for t_question
-- ----------------------------
DROP TABLE IF EXISTS `t_question`;
CREATE TABLE `t_question` (
`question_id`  int(11) NOT NULL AUTO_INCREMENT ,
`question_text`  varchar(2048) CHARACTER SET utf8 COLLATE utf8_general_ci NULL DEFAULT NULL ,
`a1_text`  varchar(1024) CHARACTER SET utf8 COLLATE utf8_general_ci NULL DEFAULT NULL ,
`a1_mark`  int(11) NULL DEFAULT NULL ,
`a2_text`  varchar(1024) CHARACTER SET utf8 COLLATE utf8_general_ci NULL DEFAULT NULL ,
`a2_mark`  int(255) NULL DEFAULT NULL ,
`a3_text`  varchar(1024) CHARACTER SET utf8 COLLATE utf8_general_ci NULL DEFAULT NULL ,
`a3_mark`  int(255) NULL DEFAULT NULL ,
`a4_text`  varchar(1024) CHARACTER SET utf8 COLLATE utf8_general_ci NULL DEFAULT NULL ,
`a4_mark`  int(255) NULL DEFAULT NULL ,
`a5_text`  varchar(1024) CHARACTER SET utf8 COLLATE utf8_general_ci NULL DEFAULT NULL ,
`a5_mark`  int(255) NULL DEFAULT NULL ,
PRIMARY KEY (`question_id`)
)
ENGINE=InnoDB
DEFAULT CHARACTER SET=utf8 COLLATE=utf8_general_ci
AUTO_INCREMENT=21

;

-- ----------------------------
-- Records of t_question
-- ----------------------------
BEGIN;
INSERT INTO `t_question` VALUES ('1', '你对辅导员主动与你交流沟通情况的满意程度？', '5', '5', '4', '4', '3', '3', '2', '2', '1', '1'), ('2', '你对辅导员以身作则、甘于奉献、吃苦耐劳方面的满意程度？', '5', '5', '4', '4', '3', '3', '2', '2', '1', '1'), ('3', '你对辅导员及时、准确传达与学生密切相关的重要信息和会议精神的满意程度？', '5', '5', '4', '4', '3', '3', '2', '2', '1', '1'), ('4', '你对辅导员善于听取学生意见、及时改进工作方式情况的满意程度？', '5', '5', '4', '4', '3', '3', '2', '2', '1', '1'), ('5', '你对辅导员组织开展主题班会情况的满意程度？', '5', '5', '4', '4', '3', '3', '2', '2', '1', '1'), ('6', '你对辅导员深入课堂情况的满意程度？', '5', '5', '4', '4', '3', '3', '2', '2', '1', '1'), ('7', '你对辅导员深入宿舍情况的满意程度？', '5', '5', '4', '4', '3', '3', '2', '2', '1', '1'), ('8', '你对辅导员进行职业规划、就业方面指导情况的满意程度？', '5', '5', '4', '4', '3', '3', '2', '2', '1', '1'), ('9', '你对辅导员进行心理辅导情况的满意程度？', '5', '5', '4', '4', '3', '3', '2', '2', '1', '1'), ('10', '你对辅导员开展考风考纪、安全、行为规范等教育情况的满意程度？', '5', '5', '4', '4', '3', '3', '2', '2', '1', '1'), ('11', '你对辅导员利用网络新媒体开展思想政治教育情况的满意程度？', '5', '5', '4', '4', '3', '3', '2', '2', '1', '1'), ('12', '你对辅导员建设班级学风、班风情况的满意程度？ ', '5', '5', '4', '4', '3', '3', '2', '2', '1', '1'), ('13', '你对辅导员培养学生骨干情况的满意程度？', '5', '5', '4', '4', '3', '3', '2', '2', '1', '1'), ('14', '你对辅导员发展党员、帮助学生思想进步情况的满意程度？', '5', '5', '4', '4', '3', '3', '2', '2', '1', '1'), ('15', '你对辅导员关心经济困难学生情况的满意程度？', '5', '5', '4', '4', '3', '3', '2', '2', '1', '1'), ('16', '你对辅导员指导参与班级、院系活动情况的满意程度？', '5', '5', '4', '4', '3', '3', '2', '2', '1', '1'), ('17', '你对辅导员指导社会实践活动情况的满意程度？', '5', '5', '4', '4', '3', '3', '2', '2', '1', '1'), ('18', '你对辅导员开展学生综合测评、评奖评优、助学金评定等情况的满意程度？', '5', '5', '4', '4', '3', '3', '2', '2', '1', '1'), ('19', '你对辅导员处理突发事件情况的满意程度？', '5', '5', '4', '4', '3', '3', '2', '2', '1', '1'), ('20', '你对辅导员的总体评价如何？', '5', '5', '4', '4', '3', '3', '2', '2', '1', '1');
COMMIT;

-- ----------------------------
-- Table structure for t_result
-- ----------------------------
DROP TABLE IF EXISTS `t_result`;
CREATE TABLE `t_result` (
`result_id`  int(11) NOT NULL AUTO_INCREMENT ,
`student_id`  int(255) NULL DEFAULT NULL ,
`mark_result_detail`  varchar(1024) CHARACTER SET utf8 COLLATE utf8_general_ci NULL DEFAULT NULL ,
`mark_result_total`  float NULL DEFAULT NULL ,
`mark_time`  datetime NULL DEFAULT NULL ,
PRIMARY KEY (`result_id`),
FOREIGN KEY (`student_id`) REFERENCES `t_student` (`student_id`) ON DELETE RESTRICT ON UPDATE RESTRICT,
UNIQUE INDEX `student_id` (`student_id`) USING BTREE 
)
ENGINE=InnoDB
DEFAULT CHARACTER SET=utf8 COLLATE=utf8_general_ci
AUTO_INCREMENT=3186

;

-- ----------------------------
-- Records of t_result
-- ----------------------------
BEGIN;
INSERT INTO `t_result` VALUES ('1049', '1098', '55555555555554555555', '99', '2017-03-07 11:24:19'), ('1050', '1099', '55555555555555555555', '100', '2017-03-07 11:24:19'), ('1051', '1100', '55555555555555555455', '99', '2017-03-07 11:24:19'), ('1052', '1101', '55555555555555555555', '100', '2017-03-07 11:24:19'), ('1053', '1102', '24545435354545555455', '87', '2017-03-07 11:24:28'), ('1054', '1103', '44555445555555555555', '96', '2017-03-07 11:24:54'), ('1055', '1104', '55555555555555555555', '100', '2017-03-07 11:25:19'), ('1057', '1105', '55555555555555555555', '100', '2017-03-07 11:25:20'), ('1058', '1106', '44444444444444444444', '80', '2017-03-07 11:25:23'), ('1059', '1107', '55555555555555555555', '100', '2017-03-07 11:25:28'), ('1060', '1108', '55555555555555555555', '100', '2017-03-07 11:25:28');
COMMIT;

-- ----------------------------
-- Table structure for t_student
-- ----------------------------
DROP TABLE IF EXISTS `t_student`;
CREATE TABLE `t_student` (
`student_id`  int(11) NOT NULL AUTO_INCREMENT ,
`student_account`  varchar(255) CHARACTER SET utf8 COLLATE utf8_general_ci NULL DEFAULT NULL ,
`user_password`  varchar(255) CHARACTER SET utf8 COLLATE utf8_general_ci NULL DEFAULT NULL ,
`student_name`  varchar(255) CHARACTER SET utf8 COLLATE utf8_general_ci NULL DEFAULT NULL ,
`class_id`  int(11) NULL DEFAULT NULL ,
`status`  int(11) NULL DEFAULT 1 ,
PRIMARY KEY (`student_id`),
FOREIGN KEY (`class_id`) REFERENCES `t_class` (`class_id`) ON DELETE RESTRICT ON UPDATE RESTRICT,
UNIQUE INDEX `student_id` (`student_id`) USING BTREE ,
INDEX `foreign_key_5` (`class_id`) USING BTREE 
)
ENGINE=InnoDB
DEFAULT CHARACTER SET=utf8 COLLATE=utf8_general_ci
AUTO_INCREMENT=11747

;

-- ----------------------------
-- Records of t_student
-- ----------------------------
BEGIN;
INSERT INTO `t_student` VALUES ('1098', '14008014', null, '多杰扎西', '120', '1'), ('1099', '14008015', null, '才旺', '120', '1'), ('1100', '14008016', null, '赛毛吉', '120', '1'), ('1101', '14008017', null, '巴桑', '120', '1'), ('1102', '14008018', null, '刀吉才让', '120', '1'), ('1103', '14008019', null, '曲英', '120', '1'), ('1104', '14008020', null, '达哇卓玛', '120', '1'), ('1105', '14011001', null, '崔程淑', '37', '1'), ('1106', '14011002', null, '金金香', '37', '1'), ('1107', '14011003', null, '孙金花', '37', '1'), ('1108', '14011004', null, '李妍', '37', '1');
COMMIT;

-- ----------------------------
-- Table structure for t_teacher
-- ----------------------------
DROP TABLE IF EXISTS `t_teacher`;
CREATE TABLE `t_teacher` (
`teacher_id`  int(11) NOT NULL AUTO_INCREMENT ,
`teacher_name`  varchar(255) CHARACTER SET utf8 COLLATE utf8_general_ci NULL DEFAULT NULL ,
`teacher_account`  varchar(255) CHARACTER SET utf8 COLLATE utf8_general_ci NULL DEFAULT NULL ,
`academy_id`  int(11) NULL DEFAULT NULL ,
PRIMARY KEY (`teacher_id`),
FOREIGN KEY (`academy_id`) REFERENCES `t_academy` (`academy_id`) ON DELETE RESTRICT ON UPDATE RESTRICT,
INDEX `foreign_key_2` (`academy_id`) USING BTREE 
)
ENGINE=InnoDB
DEFAULT CHARACTER SET=utf8 COLLATE=utf8_general_ci
AUTO_INCREMENT=160

;

-- ----------------------------
-- Records of t_teacher
-- ----------------------------
BEGIN;
INSERT INTO `t_teacher` VALUES ('1', '王海舟', '2008040', '1'), ('2', '张肜肜', '2005012', '1'), ('3', '马宏', '2011012', '1'), ('4', '刘明新', '9900218', '1'), ('5', '胡华征', '2004023', '1'), ('6', '曹萍', '2002002', '2'), ('7', '李慧萍', '2015016', '2'), ('8', '郑骄阳', '2014046', '2'), ('9', '王利萍', '2006114', '2'), ('10', '刘正发', '9900417', '2'), ('11', '曾征', '2012011', '3'), ('12', '刘翠兰', '9900827', '3'), ('13', '臧宁', '2005010', '3'), ('14', '崔鹤松', '2009045', '4'), ('15', '金东光', '2014063', '4'), ('16', '严成浩', '2015002', '4'), ('17', '金贤哲', '2015037', '4'), ('18', '彭亚华', '2004011', '4'), ('19', '李廷海', '9900755', '4'), ('20', '金艳', '2011023', '4'), ('21', '古丽娜尔·米吉提', '2015045', '5'), ('22', '麦麦提', '2008046', '5'), ('23', '毛阳', '2012021', '6'), ('24', '仁乃杰', '2011034', '7'), ('25', '平措白玛', '2015029', '7'), ('26', '杨泽玮', '2006034', '8'), ('27', '孙熙', '2015017', '8'), ('28', '崔雅满', '2014022', '8'), ('29', '吴凡', '2014045', '8'), ('30', '刘规划', '2003062', '8'), ('31', '韩琳', '9900345', '8'), ('32', '王润球', '2012042', '8'), ('33', '侯超惠', '2005026', '8'), ('34', '吕志燕', '2005120', '8'), ('35', '张童童', '2006098', '9'), ('36', '屠宇红', '9901253', '9'), ('37', '温英杰', '2003009', '9'), ('38', '王冰', '2006038', '9'), ('39', '廖艳群', '2003021', '9'), ('40', '郭清华', '9901266', '9'), ('41', '韦玉寒', '2004031', '9'), ('42', '李文娟', '9900095', '10'), ('43', '李兰凤', '9900390', '10'), ('44', '于达尔汗', '2014037', '10'), ('45', '杨莉萍', '2007133', '10'), ('46', '涂卫', '2005041', '10'), ('47', '邵六益', '2016013', '10'), ('48', '王瑛', '030068', '10'), ('49', '盛旻', '2016041', '10'), ('50', '龙冀', '无', '10'), ('51', '许栩', '无', '10'), ('52', '张亚男', '无', '10'), ('53', '赵杨杨', '无', '10'), ('54', '董勤生', '无', '10'), ('55', '杨宜凡', '无', '10'), ('56', '脱梦阳', '2014048', '11'), ('57', '顾媛婷', '2009021', '11'), ('58', '袁辰霞', '2005006', '11'), ('59', '范丛慧', '2013018', '11'), ('60', '罗冬梅', '9901245', '11'), ('61', '汤洁', '2006076', '11'), ('62', '王晓宇', '无', '11'), ('63', '袁周', '无', '11'), ('64', '王倩惟', '无', '11'), ('65', '王旸', '无', '11'), ('66', '吕卉', 'WP2016020', '11'), ('67', '孙悟湖', '2001027', '12'), ('68', '史经鹏', '2014081', '12'), ('69', '乌达木', '2015001', '12'), ('70', '杨景仪', '2014044', '12'), ('71', '张婧', '2013072', '12'), ('72', '吴婷婷', '2008019', '12'), ('73', '赵逸妍', '2008084', '13'), ('74', '胡晔', '2015034', '13'), ('75', '陈鹏', '2014042', '13'), ('76', '孙超', '2013047', '13'), ('77', '马钟范', '2002038', '14'), ('78', '谭忠秀', '2006036', '14'), ('79', '何晓磊', '2007056', '15'), ('80', '邓周媛', '2012027', '15'), ('81', '瓮建', '2006103', '15'), ('82', '尹哲爱', '9900110', '15'), ('83', '顾杰', '9901088', '15'), ('84', '王凯', '2007028', '15'), ('85', '杨晏', '2001032', '15'), ('86', '张妍', '2003038', '15'), ('87', '胡吉成', '2013064', '16'), ('88', '王斌', '9900554', '16'), ('89', '岳丽君', '2013102', '16'), ('90', '刘春兰', '9900540', '16'), ('91', '王佩', '2015042', '16'), ('92', '王叶红', '2006048', '16'), ('93', '曹斌', '2009033', '16'), ('94', '成功', '2012031', '16'), ('95', '巴哈提古丽.巴彦', '9900544', '16'), ('96', '王文蜀', '2005072', '16'), ('97', '马秀珍', '2000039', '17'), ('98', '白艳秋', '2004005', '17'), ('99', '刘瑜', '2008020', '17'), ('100', '李晓旭', '2008082', '17');
INSERT INTO `t_teacher` VALUES ('101', '张可如', '9900616', '18'), ('102', '肖瑞华', '2008090', '18'), ('103', '杨慧', '2016035', '18'), ('104', '梁芳', '2001037', '18'), ('105', '施洪龙', '2011037', '18'), ('106', '李松洁', '2008094', '18'), ('107', '张磊', '2008054', '18'), ('108', '郑嘉', '2014055', '18'), ('109', '张彦芳', '2014070', '18'), ('110', '崔彬', '2013019', '18'), ('111', '李晓华', '2001001', '18'), ('112', '曹宝泉', '2013092', '19'), ('113', '何威', '9900647', '19'), ('114', '胡柳', '2000042', '19'), ('115', '胡文会', '2004004', '19'), ('116', '姜波', '2006128', '19'), ('117', '焦洋', '2013062', '19'), ('118', '李光', '2009007', '19'), ('119', '李果', '2013082', '19'), ('120', '李洁', '9900642', '19'), ('121', '刘晓燕', '9900639', '19'), ('122', '牧婧', '2007115', '19'), ('123', '王芳', '2011025', '19'), ('124', '王晓欧', '2013081', '19'), ('125', '夏威夷', '2006131', '19'), ('126', '姚俊杰', '2001044', '19'), ('127', '袁江名', '2005090', '19'), ('128', '袁耀敏', '9900646', '19'), ('129', '张曙光', '2012059', '19'), ('130', '张志伟', '2006009', '19'), ('131', '赵北扬', '2010010', '19'), ('132', '钟捷', '9900641', '19'), ('133', '周梦', '2005088', '19'), ('134', '陈钧', '2008079', '20'), ('135', '马娟', '9900268', '20'), ('136', '金永森', '2014039', '20'), ('137', '铁木尔', '2007122', '20'), ('138', '满媛', '2014052', '20'), ('139', '李飞', '2005094', '20'), ('140', '格日南加', '2008047', '20'), ('141', '苏娅菲', '2013051', '20'), ('142', '多杰措', '9900705', '21'), ('143', '张晔', '9900701', '21'), ('144', '黄祎', '2010039', '21'), ('145', '徐晓鹃', '2002012', '21'), ('146', '李建军', '2015008', '21'), ('147', '张裕', '2016012', '21'), ('148', '李江', '9901265', '21'), ('149', '周卫华', 'HT1003', '21'), ('150', '刘昌翠', '2013034', '22'), ('151', '艾克拜尔', '2004095', '23'), ('152', '杨四代', '2013050', '23'), ('153', '查干', '9900835', '23'), ('154', '阿米娜', '9900838', '23'), ('155', '刘丽艳', '2015040', '24'), ('156', '姜宛君', '2016031', '19'), ('157', '胡熠', '无', '9'), ('158', '杨晓营 ', '无', '9'), ('159', '李梁', '无', '10');
COMMIT;

-- ----------------------------
-- Table structure for t_tech
-- ----------------------------
DROP TABLE IF EXISTS `t_tech`;
CREATE TABLE `t_tech` (
`id`  int(11) NOT NULL AUTO_INCREMENT ,
`user_account`  varchar(255) CHARACTER SET utf8 COLLATE utf8_general_ci NULL DEFAULT NULL ,
`user_name`  varchar(255) CHARACTER SET utf8 COLLATE utf8_general_ci NULL DEFAULT NULL ,
`user_class_name`  varchar(255) CHARACTER SET utf8 COLLATE utf8_general_ci NULL DEFAULT NULL ,
`click_time`  datetime NULL DEFAULT NULL ,
PRIMARY KEY (`id`)
)
ENGINE=InnoDB
DEFAULT CHARACTER SET=utf8 COLLATE=utf8_general_ci
AUTO_INCREMENT=10

;

-- ----------------------------
-- Records of t_tech
-- ----------------------------
BEGIN;
INSERT INTO `t_tech` VALUES ('6', null, null, null, '2017-03-05 17:23:59'), ('7', null, null, null, '2017-03-05 17:29:00'), ('8', '13052043', '马万龙', '班级3', '2017-03-05 17:29:48'), ('9', '13052043', '马万龙', '2016级民族学', '2017-03-06 10:33:10');
COMMIT;

-- ----------------------------
-- Table structure for t_token
-- ----------------------------
DROP TABLE IF EXISTS `t_token`;
CREATE TABLE `t_token` (
`id`  int(11) NOT NULL AUTO_INCREMENT ,
`token_value`  varchar(255) CHARACTER SET utf8 COLLATE utf8_general_ci NULL DEFAULT NULL ,
`token_time`  datetime NULL DEFAULT NULL ,
`user_account`  varchar(255) CHARACTER SET utf8 COLLATE utf8_general_ci NULL DEFAULT NULL ,
`status`  int(11) NULL DEFAULT 1 ,
PRIMARY KEY (`id`)
)
ENGINE=InnoDB
DEFAULT CHARACTER SET=utf8 COLLATE=utf8_general_ci
AUTO_INCREMENT=56

;

-- ----------------------------
-- Records of t_token
-- ----------------------------
BEGIN;
INSERT INTO `t_token` VALUES ('36', 'e449ff9eb25042c681555ee18f373595', '2017-03-05 17:26:12', '13052043', '0'), ('37', '0d4a51cedab942d089cba7d8dc291c4b', '2017-03-05 17:29:45', '13052043', '1'), ('38', '11ef34eadbe746229ef6b5f55dc18dd8', '2017-03-05 17:30:21', '13052043', '0'), ('39', '81a28a64af604e9fbd5e5a3c6f244cd3', '2017-03-05 20:41:37', '13052043', '0'), ('40', 'bb803510f6844a44bc7128f1d8f2efe7', '2017-03-06 10:33:04', '13052043', '0'), ('41', 'fc34bf252d1c40d7b158f6bfd7b01653', '2017-03-06 10:35:16', '13052043', '0'), ('42', '728ee26802464dd98c9bdba24c1b78b5', '2017-03-06 10:39:16', '13052043', '0'), ('43', '4d7f97a26c2d4ac19e6dee9ab98d6933', '2017-03-06 10:40:42', '13052043', '0'), ('44', '6c092907d55947108bd5b8ae5c1bc25c', '2017-03-06 11:14:06', '13052043', '1'), ('45', 'b3d5e433cc034f0c9d2b218dc651ffe3', '2017-03-06 11:17:56', '13052043', '1'), ('46', 'c17e24a0270d4a8ea62c631a16f1205b', '2017-03-07 14:36:13', '13052043', '1'), ('47', '00630aa76df84254be8bf724e7c30e2a', '2017-03-07 14:40:51', '13052043', '1'), ('48', 'eb14cf8e6970448789a3f2074536b2dd', '2017-03-07 14:44:34', '13052043', '1'), ('49', 'edb450c1793e4eefb69222a905526c0b', '2017-03-07 14:44:54', '13052043', '1'), ('50', 'db083fc23a2d4a7bb6cf47e0c8d71c79', '2017-03-07 14:46:27', '13052043', '1'), ('51', 'b7ec1900c73c4b808f6b93a6d5edc7e2', '2017-03-07 14:47:16', '13052043', '1'), ('52', '606a567e6b544302b68b66a87a5ea018', '2017-03-07 14:48:04', '13052043', '1'), ('53', '10d678ebae0941b1876ad3b60f275ace', '2017-03-07 19:35:55', '9900792', '1'), ('54', 'afd99b8b33ea4ba2b371e5223cbe0e20', '2017-03-07 19:36:54', '2004004', '1'), ('55', '06ef14f1a30b4a7382c4faed85af80c1', '2017-03-11 10:28:12', '13052043', '1');
COMMIT;

-- ----------------------------
-- Auto increment value for t_academy
-- ----------------------------
ALTER TABLE `t_academy` AUTO_INCREMENT=25;

-- ----------------------------
-- Auto increment value for t_admin
-- ----------------------------
ALTER TABLE `t_admin` AUTO_INCREMENT=1003;

-- ----------------------------
-- Auto increment value for t_class
-- ----------------------------
ALTER TABLE `t_class` AUTO_INCREMENT=461;

-- ----------------------------
-- Auto increment value for t_question
-- ----------------------------
ALTER TABLE `t_question` AUTO_INCREMENT=21;

-- ----------------------------
-- Auto increment value for t_result
-- ----------------------------
ALTER TABLE `t_result` AUTO_INCREMENT=3186;

-- ----------------------------
-- Auto increment value for t_student
-- ----------------------------
ALTER TABLE `t_student` AUTO_INCREMENT=11747;

-- ----------------------------
-- Auto increment value for t_teacher
-- ----------------------------
ALTER TABLE `t_teacher` AUTO_INCREMENT=160;

-- ----------------------------
-- Auto increment value for t_tech
-- ----------------------------
ALTER TABLE `t_tech` AUTO_INCREMENT=10;

-- ----------------------------
-- Auto increment value for t_token
-- ----------------------------
ALTER TABLE `t_token` AUTO_INCREMENT=56;
SET FOREIGN_KEY_CHECKS=1;
